1904-01-01 00:00:00.000000,0.0
1904-01-01 00:00:00.003300,50.0
1904-01-01 00:00:00.006600,100.0
1904-01-01 00:00:00.009900,149.99999999999997
1904-01-01 00:00:00.013200,200.0
1904-01-01 00:00:00.016500,250.0
1904-01-01 00:00:00.019800,299.99999999999994
1904-01-01 00:00:00.023100,350.0
1904-01-01 00:00:00.026400,400.0
1904-01-01 00:00:00.029700,450.0
1904-01-01 00:00:00.033000,500.0
1904-01-01 00:00:00.036300,550.0
1904-01-01 00:00:00.039600,599.9999999999999
1904-01-01 00:00:00.042900,650.0
1904-01-01 00:00:00.046200,700.0
1904-01-01 00:00:00.049500,750.0
1904-01-01 00:00:00.052800,800.0
1904-01-01 00:00:00.056100,849.9999999999999
1904-01-01 00:00:00.059400,900.0
1904-01-01 00:00:00.062700,949.9999999999999
1904-01-01 00:00:00.066000,1000.0
1904-01-01 00:00:00.069300,1050.0
1904-01-01 00:00:00.072600,1100.0
1904-01-01 00:00:00.075900,1150.0
1904-01-01 00:00:00.079200,1199.9999999999998
1904-01-01 00:00:00.082500,1250.0
1904-01-01 00:00:00.085800,1300.0
1904-01-01 00:00:00.089100,1349.9999999999998
1904-01-01 00:00:00.092400,1400.0
1904-01-01 00:00:00.095700,1450.0
1904-01-01 00:00:00.099000,1500.0
1904-01-01 00:00:00.102300,1549.9999999999998
1904-01-01 00:00:00.105600,1600.0
1904-01-01 00:00:00.108900,1650.0
1904-01-01 00:00:00.112200,1699.9999999999998
1904-01-01 00:00:00.115500,1749.9999999999998
1904-01-01 00:00:00.118800,1800.0
1904-01-01 00:00:00.122100,1850.0
1904-01-01 00:00:00.125400,1899.9999999999998
1904-01-01 00:00:00.128700,1950.0
1904-01-01 00:00:00.132000,2000.0
1904-01-01 00:00:00.135300,2050.0
1904-01-01 00:00:00.138600,2100.0
1904-01-01 00:00:00.141900,2150.0
1904-01-01 00:00:00.145200,2200.0
1904-01-01 00:00:00.148500,2250.0
1904-01-01 00:00:00.151800,2300.0
1904-01-01 00:00:00.155100,2350.0
1904-01-01 00:00:00.158400,2399.9999999999995
1904-01-01 00:00:00.161700,2450.0
1904-01-01 00:00:00.165000,2500.0
1904-01-01 00:00:00.168300,2550.0
1904-01-01 00:00:00.171600,2600.0
1904-01-01 00:00:00.174900,2650.0
1904-01-01 00:00:00.178200,2699.9999999999995
1904-01-01 00:00:00.181500,2749.9999999999995
1904-01-01 00:00:00.184800,2800.0
1904-01-01 00:00:00.188100,2850.0
1904-01-01 00:00:00.191400,2900.0
1904-01-01 00:00:00.194700,2950.0
1904-01-01 00:00:00.198000,3000.0
1904-01-01 00:00:00.201300,3049.9999999999995
1904-01-01 00:00:00.204600,3099.9999999999995
1904-01-01 00:00:00.207900,3150.0
1904-01-01 00:00:00.211200,3200.0
1904-01-01 00:00:00.214500,3250.0
1904-01-01 00:00:00.217800,3300.0
1904-01-01 00:00:00.221100,3350.0
1904-01-01 00:00:00.224400,3399.9999999999995
1904-01-01 00:00:00.227700,3449.9999999999995
1904-01-01 00:00:00.231000,3499.9999999999995
1904-01-01 00:00:00.234300,3550.0
1904-01-01 00:00:00.237600,3600.0
1904-01-01 00:00:00.240900,3650.0
1904-01-01 00:00:00.244200,3700.0
1904-01-01 00:00:00.247500,3749.9999999999995
1904-01-01 00:00:00.250800,3799.9999999999995
1904-01-01 00:00:00.254100,3849.9999999999995
1904-01-01 00:00:00.257400,3900.0
1904-01-01 00:00:00.260700,3950.0
1904-01-01 00:00:00.264000,4000.0
1904-01-01 00:00:00.267300,4050.0
1904-01-01 00:00:00.270600,4100.0
1904-01-01 00:00:00.273900,4150.0
1904-01-01 00:00:00.277200,4200.0
1904-01-01 00:00:00.280500,4250.0
1904-01-01 00:00:00.283800,4300.0
1904-01-01 00:00:00.287100,4350.0
1904-01-01 00:00:00.290400,4400.0
1904-01-01 00:00:00.293700,4450.0
1904-01-01 00:00:00.297000,4500.0
1904-01-01 00:00:00.300300,4550.0
1904-01-01 00:00:00.303600,4600.0
1904-01-01 00:00:00.306900,4650.0
1904-01-01 00:00:00.310200,4700.0
1904-01-01 00:00:00.313500,4750.0
1904-01-01 00:00:00.316800,4799.999999999999
1904-01-01 00:00:00.320100,4850.0
1904-01-01 00:00:00.323400,4900.0
1904-01-01 00:00:00.326700,4950.0
1904-01-01 00:00:00.330000,5000.0
1904-01-01 00:00:00.333300,5050.0
1904-01-01 00:00:00.336600,5100.0
1904-01-01 00:00:00.339900,5150.0
1904-01-01 00:00:00.343200,5200.0
1904-01-01 00:00:00.346500,5250.0
1904-01-01 00:00:00.349800,5300.0
1904-01-01 00:00:00.353100,5349.999999999999
1904-01-01 00:00:00.356400,5399.999999999999
1904-01-01 00:00:00.359700,5449.999999999999
1904-01-01 00:00:00.363000,5499.999999999999
1904-01-01 00:00:00.366300,5550.0
1904-01-01 00:00:00.369600,5600.0
1904-01-01 00:00:00.372900,5650.0
1904-01-01 00:00:00.376200,5700.0
1904-01-01 00:00:00.379500,5750.0
1904-01-01 00:00:00.382800,5800.0
1904-01-01 00:00:00.386100,5850.0
1904-01-01 00:00:00.389400,5900.0
1904-01-01 00:00:00.392700,5950.0
1904-01-01 00:00:00.396000,6000.0
1904-01-01 00:00:00.399300,6049.999999999999
1904-01-01 00:00:00.402600,6099.999999999999
1904-01-01 00:00:00.405900,6149.999999999999
1904-01-01 00:00:00.409200,6199.999999999999
1904-01-01 00:00:00.412500,6249.999999999999
1904-01-01 00:00:00.415800,6300.0
1904-01-01 00:00:00.419100,6350.0
1904-01-01 00:00:00.422400,6400.0
1904-01-01 00:00:00.425700,6450.0
1904-01-01 00:00:00.429000,6500.0
1904-01-01 00:00:00.432300,6550.0
1904-01-01 00:00:00.435600,6600.0
1904-01-01 00:00:00.438900,6650.0
1904-01-01 00:00:00.442200,6700.0
1904-01-01 00:00:00.445500,6750.0
1904-01-01 00:00:00.448800,6799.999999999999
1904-01-01 00:00:00.452100,6849.999999999999
1904-01-01 00:00:00.455400,6899.999999999999
1904-01-01 00:00:00.458700,6949.999999999999
1904-01-01 00:00:00.462000,6999.999999999999
1904-01-01 00:00:00.465300,7050.0
1904-01-01 00:00:00.468600,7100.0
1904-01-01 00:00:00.471900,7150.0
1904-01-01 00:00:00.475200,7200.0
1904-01-01 00:00:00.478500,7250.0
1904-01-01 00:00:00.481800,7300.0
1904-01-01 00:00:00.485100,7350.0
1904-01-01 00:00:00.488400,7400.0
1904-01-01 00:00:00.491700,7450.0
1904-01-01 00:00:00.495000,7499.999999999999
1904-01-01 00:00:00.498300,7549.999999999999
1904-01-01 00:00:00.501600,7599.999999999999
1904-01-01 00:00:00.504900,7649.999999999999
1904-01-01 00:00:00.508200,7699.999999999999
1904-01-01 00:00:00.511500,7750.0
1904-01-01 00:00:00.514800,7800.0
1904-01-01 00:00:00.518100,7850.0
1904-01-01 00:00:00.521400,7900.0
1904-01-01 00:00:00.524700,7950.0
1904-01-01 00:00:00.528000,8000.0
1904-01-01 00:00:00.531300,8050.0
1904-01-01 00:00:00.534600,8100.0
1904-01-01 00:00:00.537900,8150.0
1904-01-01 00:00:00.541200,8200.0
1904-01-01 00:00:00.544500,8250.0
1904-01-01 00:00:00.547800,8300.0
1904-01-01 00:00:00.551100,8350.0
1904-01-01 00:00:00.554400,8400.0
1904-01-01 00:00:00.557700,8450.0
1904-01-01 00:00:00.561000,8500.0
1904-01-01 00:00:00.564300,8550.0
1904-01-01 00:00:00.567600,8600.0
1904-01-01 00:00:00.570900,8650.0
1904-01-01 00:00:00.574200,8700.0
1904-01-01 00:00:00.577500,8750.0
1904-01-01 00:00:00.580800,8800.0
1904-01-01 00:00:00.584100,8850.0
1904-01-01 00:00:00.587400,8900.0
1904-01-01 00:00:00.590700,8950.0
1904-01-01 00:00:00.594000,9000.0
1904-01-01 00:00:00.597300,9050.0
1904-01-01 00:00:00.600600,9100.0
1904-01-01 00:00:00.603900,9150.0
1904-01-01 00:00:00.607200,9200.0
1904-01-01 00:00:00.610500,9250.0
1904-01-01 00:00:00.613800,9300.0
1904-01-01 00:00:00.617100,9350.0
1904-01-01 00:00:00.620400,9400.0
1904-01-01 00:00:00.623700,9450.0
1904-01-01 00:00:00.627000,9500.0
1904-01-01 00:00:00.630300,9550.0
1904-01-01 00:00:00.633600,9599.999999999998
1904-01-01 00:00:00.636900,9650.0
1904-01-01 00:00:00.640200,9700.0
1904-01-01 00:00:00.643500,9750.0
1904-01-01 00:00:00.646800,9800.0
1904-01-01 00:00:00.650100,9850.0
1904-01-01 00:00:00.653400,9900.0
1904-01-01 00:00:00.656700,9950.0
1904-01-01 00:00:00.660000,10000.0
1904-01-01 00:00:00.663300,10049.999999999998
1904-01-01 00:00:00.666600,10100.0
1904-01-01 00:00:00.669900,10149.999999999998
1904-01-01 00:00:00.673200,10200.0
1904-01-01 00:00:00.676500,10249.999999999998
1904-01-01 00:00:00.679800,10300.0
1904-01-01 00:00:00.683100,10350.0
1904-01-01 00:00:00.686400,10400.0
1904-01-01 00:00:00.689700,10450.0
1904-01-01 00:00:00.693000,10500.0
1904-01-01 00:00:00.696300,10550.0
1904-01-01 00:00:00.699600,10600.0
1904-01-01 00:00:00.702900,10650.0
1904-01-01 00:00:00.706200,10699.999999999998
1904-01-01 00:00:00.709500,10750.0
1904-01-01 00:00:00.712800,10799.999999999998
1904-01-01 00:00:00.716100,10850.0
1904-01-01 00:00:00.719400,10899.999999999998
1904-01-01 00:00:00.722700,10950.0
1904-01-01 00:00:00.726000,10999.999999999998
1904-01-01 00:00:00.729300,11050.0
1904-01-01 00:00:00.732600,11100.0
1904-01-01 00:00:00.735900,11150.0
1904-01-01 00:00:00.739200,11200.0
1904-01-01 00:00:00.742500,11250.0
1904-01-01 00:00:00.745800,11300.0
1904-01-01 00:00:00.749100,11350.0
1904-01-01 00:00:00.752400,11400.0
1904-01-01 00:00:00.755700,11449.999999999998
1904-01-01 00:00:00.759000,11500.0
1904-01-01 00:00:00.762300,11549.999999999998
1904-01-01 00:00:00.765600,11600.0
1904-01-01 00:00:00.768900,11649.999999999998
1904-01-01 00:00:00.772200,11700.0
1904-01-01 00:00:00.775500,11749.999999999998
1904-01-01 00:00:00.778800,11800.0
1904-01-01 00:00:00.782100,11850.0
1904-01-01 00:00:00.785400,11900.0
1904-01-01 00:00:00.788700,11950.0
1904-01-01 00:00:00.792000,12000.0
1904-01-01 00:00:00.795300,12050.0
1904-01-01 00:00:00.798600,12099.999999999998
1904-01-01 00:00:00.801900,12150.0
1904-01-01 00:00:00.805200,12199.999999999998
1904-01-01 00:00:00.808500,12250.0
1904-01-01 00:00:00.811800,12299.999999999998
1904-01-01 00:00:00.815100,12350.0
1904-01-01 00:00:00.818400,12399.999999999998
1904-01-01 00:00:00.821700,12450.0
1904-01-01 00:00:00.825000,12499.999999999998
1904-01-01 00:00:00.828300,12550.0
1904-01-01 00:00:00.831600,12600.0
1904-01-01 00:00:00.834900,12650.0
1904-01-01 00:00:00.838200,12700.0
1904-01-01 00:00:00.841500,12750.0
1904-01-01 00:00:00.844800,12800.0
1904-01-01 00:00:00.848100,12849.999999999998
1904-01-01 00:00:00.851400,12900.0
1904-01-01 00:00:00.854700,12949.999999999998
1904-01-01 00:00:00.858000,13000.0
1904-01-01 00:00:00.861300,13049.999999999998
1904-01-01 00:00:00.864600,13100.0
1904-01-01 00:00:00.867900,13149.999999999998
1904-01-01 00:00:00.871200,13200.0
1904-01-01 00:00:00.874500,13249.999999999998
1904-01-01 00:00:00.877800,13300.0
1904-01-01 00:00:00.881100,13350.0
1904-01-01 00:00:00.884400,13400.0
1904-01-01 00:00:00.887700,13450.0
1904-01-01 00:00:00.891000,13500.0
1904-01-01 00:00:00.894300,13550.0
1904-01-01 00:00:00.897600,13599.999999999998
1904-01-01 00:00:00.900900,13650.0
1904-01-01 00:00:00.904200,13699.999999999998
1904-01-01 00:00:00.907500,13750.0
1904-01-01 00:00:00.910800,13799.999999999998
1904-01-01 00:00:00.914100,13850.0
1904-01-01 00:00:00.917400,13899.999999999998
1904-01-01 00:00:00.920700,13950.0
1904-01-01 00:00:00.924000,13999.999999999998
1904-01-01 00:00:00.927300,14050.0
1904-01-01 00:00:00.930600,14100.0
1904-01-01 00:00:00.933900,14150.0
1904-01-01 00:00:00.937200,14200.0
1904-01-01 00:00:00.940500,14249.999999999998
1904-01-01 00:00:00.943800,14300.0
1904-01-01 00:00:00.947100,14349.999999999998
1904-01-01 00:00:00.950400,14400.0
1904-01-01 00:00:00.953700,14449.999999999998
1904-01-01 00:00:00.957000,14500.0
1904-01-01 00:00:00.960300,14549.999999999998
1904-01-01 00:00:00.963600,14600.0
1904-01-01 00:00:00.966900,14649.999999999998
1904-01-01 00:00:00.970200,14700.0
1904-01-01 00:00:00.973500,14750.0
1904-01-01 00:00:00.976800,14800.0
1904-01-01 00:00:00.980100,14850.0
1904-01-01 00:00:00.983400,14900.0
1904-01-01 00:00:00.986700,14950.0
1904-01-01 00:00:00.990000,14999.999999999998
1904-01-01 00:00:00.993300,15050.0
1904-01-01 00:00:00.996600,15099.999999999998
1904-01-01 00:00:00.999900,15150.0
1904-01-01 00:00:01.003200,15199.999999999998
1904-01-01 00:00:01.006500,15250.0
1904-01-01 00:00:01.009800,15299.999999999998
1904-01-01 00:00:01.013100,15350.0
1904-01-01 00:00:01.016400,15399.999999999998
1904-01-01 00:00:01.019700,15450.0
1904-01-01 00:00:01.023000,15500.0
1904-01-01 00:00:01.026300,15550.0
1904-01-01 00:00:01.029600,15600.0
1904-01-01 00:00:01.032900,15649.999999999998
1904-01-01 00:00:01.036200,15700.0
1904-01-01 00:00:01.039500,15749.999999999998
1904-01-01 00:00:01.042800,15800.0
1904-01-01 00:00:01.046100,15849.999999999998
1904-01-01 00:00:01.049400,15900.0
1904-01-01 00:00:01.052700,15949.999999999998
1904-01-01 00:00:01.056000,16000.0
1904-01-01 00:00:01.059300,16049.999999999998
1904-01-01 00:00:01.062600,16100.0
1904-01-01 00:00:01.065900,16149.999999999998
1904-01-01 00:00:01.069200,16200.0
1904-01-01 00:00:01.072500,16250.0
1904-01-01 00:00:01.075800,16300.0
1904-01-01 00:00:01.079100,16350.0
1904-01-01 00:00:01.082400,16400.0
1904-01-01 00:00:01.085700,16450.0
1904-01-01 00:00:01.089000,16500.0
1904-01-01 00:00:01.092300,16550.0
1904-01-01 00:00:01.095600,16600.0
1904-01-01 00:00:01.098900,16650.0
1904-01-01 00:00:01.102200,16700.0
1904-01-01 00:00:01.105500,16750.0
1904-01-01 00:00:01.108800,16800.0
1904-01-01 00:00:01.112100,16850.0
1904-01-01 00:00:01.115400,16900.0
1904-01-01 00:00:01.118700,16950.0
1904-01-01 00:00:01.122000,17000.0
1904-01-01 00:00:01.125300,17050.0
1904-01-01 00:00:01.128600,17100.0
1904-01-01 00:00:01.131900,17150.0
1904-01-01 00:00:01.135200,17200.0
1904-01-01 00:00:01.138500,17250.0
1904-01-01 00:00:01.141800,17300.0
1904-01-01 00:00:01.145100,17350.0
1904-01-01 00:00:01.148400,17400.0
1904-01-01 00:00:01.151700,17450.0
1904-01-01 00:00:01.155000,17500.0
1904-01-01 00:00:01.158300,17550.0
1904-01-01 00:00:01.161600,17600.0
1904-01-01 00:00:01.164900,17650.0
1904-01-01 00:00:01.168200,17700.0
1904-01-01 00:00:01.171500,17750.0
1904-01-01 00:00:01.174800,17800.0
1904-01-01 00:00:01.178100,17850.0
1904-01-01 00:00:01.181400,17900.0
1904-01-01 00:00:01.184700,17950.0
1904-01-01 00:00:01.188000,18000.0
1904-01-01 00:00:01.191300,18050.0
1904-01-01 00:00:01.194600,18100.0
1904-01-01 00:00:01.197900,18150.0
1904-01-01 00:00:01.201200,18200.0
1904-01-01 00:00:01.204500,18250.0
1904-01-01 00:00:01.207800,18300.0
1904-01-01 00:00:01.211100,18350.0
1904-01-01 00:00:01.214400,18400.0
1904-01-01 00:00:01.217700,18450.0
1904-01-01 00:00:01.221000,18500.0
1904-01-01 00:00:01.224300,18550.0
1904-01-01 00:00:01.227600,18600.0
1904-01-01 00:00:01.230900,18650.0
1904-01-01 00:00:01.234200,18700.0
1904-01-01 00:00:01.237500,18750.0
1904-01-01 00:00:01.240800,18800.0
1904-01-01 00:00:01.244100,18850.0
1904-01-01 00:00:01.247400,18900.0
1904-01-01 00:00:01.250700,18950.0
1904-01-01 00:00:01.254000,19000.0
1904-01-01 00:00:01.257300,19050.0
1904-01-01 00:00:01.260600,19100.0
1904-01-01 00:00:01.263900,19150.0
1904-01-01 00:00:01.267200,19199.999999999996
1904-01-01 00:00:01.270500,19250.0
1904-01-01 00:00:01.273800,19300.0
1904-01-01 00:00:01.277100,19349.999999999996
1904-01-01 00:00:01.280400,19400.0
1904-01-01 00:00:01.283700,19450.0
1904-01-01 00:00:01.287000,19500.0
1904-01-01 00:00:01.290300,19549.999999999996
1904-01-01 00:00:01.293600,19600.0
1904-01-01 00:00:01.296900,19650.0
1904-01-01 00:00:01.300200,19700.0
1904-01-01 00:00:01.303500,19749.999999999996
1904-01-01 00:00:01.306800,19800.0
1904-01-01 00:00:01.310100,19850.0
1904-01-01 00:00:01.313400,19900.0
1904-01-01 00:00:01.316700,19949.999999999996
1904-01-01 00:00:01.320000,20000.0
1904-01-01 00:00:01.323300,20050.0
1904-01-01 00:00:01.326600,20099.999999999996
1904-01-01 00:00:01.329900,20150.0
1904-01-01 00:00:01.333200,20200.0
1904-01-01 00:00:01.336500,20250.0
1904-01-01 00:00:01.339800,20299.999999999996
1904-01-01 00:00:01.343100,20350.0
1904-01-01 00:00:01.346400,20400.0
1904-01-01 00:00:01.349700,20450.0
1904-01-01 00:00:01.353000,20499.999999999996
1904-01-01 00:00:01.356300,20550.0
1904-01-01 00:00:01.359600,20600.0
1904-01-01 00:00:01.362900,20649.999999999996
1904-01-01 00:00:01.366200,20700.0
1904-01-01 00:00:01.369500,20750.0
1904-01-01 00:00:01.372800,20800.0
1904-01-01 00:00:01.376100,20849.999999999996
1904-01-01 00:00:01.379400,20900.0
1904-01-01 00:00:01.382700,20950.0
1904-01-01 00:00:01.386000,21000.0
1904-01-01 00:00:01.389300,21049.999999999996
1904-01-01 00:00:01.392600,21100.0
1904-01-01 00:00:01.395900,21150.0
1904-01-01 00:00:01.399200,21200.0
1904-01-01 00:00:01.402500,21249.999999999996
1904-01-01 00:00:01.405800,21300.0
1904-01-01 00:00:01.409100,21350.0
1904-01-01 00:00:01.412400,21399.999999999996
1904-01-01 00:00:01.415700,21450.0
1904-01-01 00:00:01.419000,21500.0
1904-01-01 00:00:01.422300,21550.0
1904-01-01 00:00:01.425600,21599.999999999996
1904-01-01 00:00:01.428900,21650.0
1904-01-01 00:00:01.432200,21700.0
1904-01-01 00:00:01.435500,21750.0
1904-01-01 00:00:01.438800,21799.999999999996
1904-01-01 00:00:01.442100,21850.0
1904-01-01 00:00:01.445400,21900.0
1904-01-01 00:00:01.448700,21950.0
1904-01-01 00:00:01.452000,21999.999999999996
1904-01-01 00:00:01.455300,22050.0
1904-01-01 00:00:01.458600,22100.0
1904-01-01 00:00:01.461900,22149.999999999996
1904-01-01 00:00:01.465200,22200.0
1904-01-01 00:00:01.468500,22250.0
1904-01-01 00:00:01.471800,22300.0
1904-01-01 00:00:01.475100,22349.999999999996
1904-01-01 00:00:01.478400,22400.0
1904-01-01 00:00:01.481700,22450.0
1904-01-01 00:00:01.485000,22500.0
1904-01-01 00:00:01.488300,22549.999999999996
1904-01-01 00:00:01.491600,22600.0
1904-01-01 00:00:01.494900,22650.0
1904-01-01 00:00:01.498200,22700.0
1904-01-01 00:00:01.501500,22749.999999999996
1904-01-01 00:00:01.504800,22800.0
1904-01-01 00:00:01.508100,22850.0
1904-01-01 00:00:01.511400,22899.999999999996
1904-01-01 00:00:01.514700,22950.0
1904-01-01 00:00:01.518000,23000.0
1904-01-01 00:00:01.521300,23050.0
1904-01-01 00:00:01.524600,23099.999999999996
1904-01-01 00:00:01.527900,23150.0
1904-01-01 00:00:01.531200,23200.0
1904-01-01 00:00:01.534500,23250.0
1904-01-01 00:00:01.537800,23299.999999999996
1904-01-01 00:00:01.541100,23350.0
1904-01-01 00:00:01.544400,23400.0
1904-01-01 00:00:01.547700,23450.0
1904-01-01 00:00:01.551000,23499.999999999996
1904-01-01 00:00:01.554300,23550.0
1904-01-01 00:00:01.557600,23600.0
1904-01-01 00:00:01.560900,23649.999999999996
1904-01-01 00:00:01.564200,23700.0
1904-01-01 00:00:01.567500,23750.0
1904-01-01 00:00:01.570800,23800.0
1904-01-01 00:00:01.574100,23849.999999999996
1904-01-01 00:00:01.577400,23900.0
1904-01-01 00:00:01.580700,23950.0
1904-01-01 00:00:01.584000,24000.0
1904-01-01 00:00:01.587300,24049.999999999996
1904-01-01 00:00:01.590600,24100.0
1904-01-01 00:00:01.593900,24150.0
1904-01-01 00:00:01.597200,24199.999999999996
1904-01-01 00:00:01.600500,24249.999999999996
1904-01-01 00:00:01.603800,24300.0
1904-01-01 00:00:01.607100,24350.0
1904-01-01 00:00:01.610400,24399.999999999996
1904-01-01 00:00:01.613700,24450.0
1904-01-01 00:00:01.617000,24500.0
1904-01-01 00:00:01.620300,24550.0
1904-01-01 00:00:01.623600,24599.999999999996
1904-01-01 00:00:01.626900,24650.0
1904-01-01 00:00:01.630200,24700.0
1904-01-01 00:00:01.633500,24750.0
1904-01-01 00:00:01.636800,24799.999999999996
1904-01-01 00:00:01.640100,24850.0
1904-01-01 00:00:01.643400,24900.0
1904-01-01 00:00:01.646700,24949.999999999996
1904-01-01 00:00:01.650000,24999.999999999996
1904-01-01 00:00:01.653300,25050.0
1904-01-01 00:00:01.656600,25100.0
1904-01-01 00:00:01.659900,25149.999999999996
1904-01-01 00:00:01.663200,25200.0
1904-01-01 00:00:01.666500,25250.0
1904-01-01 00:00:01.669800,25300.0
1904-01-01 00:00:01.673100,25349.999999999996
1904-01-01 00:00:01.676400,25400.0
1904-01-01 00:00:01.679700,25450.0
1904-01-01 00:00:01.683000,25500.0
1904-01-01 00:00:01.686300,25549.999999999996
1904-01-01 00:00:01.689600,25600.0
1904-01-01 00:00:01.692900,25650.0
1904-01-01 00:00:01.696200,25699.999999999996
1904-01-01 00:00:01.699500,25749.999999999996
1904-01-01 00:00:01.702800,25800.0
1904-01-01 00:00:01.706100,25850.0
1904-01-01 00:00:01.709400,25899.999999999996
1904-01-01 00:00:01.712700,25950.0
1904-01-01 00:00:01.716000,26000.0
1904-01-01 00:00:01.719300,26050.0
1904-01-01 00:00:01.722600,26099.999999999996
1904-01-01 00:00:01.725900,26150.0
1904-01-01 00:00:01.729200,26200.0
1904-01-01 00:00:01.732500,26250.0
1904-01-01 00:00:01.735800,26299.999999999996
1904-01-01 00:00:01.739100,26350.0
1904-01-01 00:00:01.742400,26400.0
1904-01-01 00:00:01.745700,26449.999999999996
1904-01-01 00:00:01.749000,26499.999999999996
1904-01-01 00:00:01.752300,26550.0
1904-01-01 00:00:01.755600,26600.0
1904-01-01 00:00:01.758900,26649.999999999996
1904-01-01 00:00:01.762200,26700.0
1904-01-01 00:00:01.765500,26750.0
1904-01-01 00:00:01.768800,26800.0
1904-01-01 00:00:01.772100,26849.999999999996
1904-01-01 00:00:01.775400,26900.0
1904-01-01 00:00:01.778700,26950.0
1904-01-01 00:00:01.782000,27000.0
1904-01-01 00:00:01.785300,27049.999999999996
1904-01-01 00:00:01.788600,27100.0
1904-01-01 00:00:01.791900,27150.0
1904-01-01 00:00:01.795200,27199.999999999996
1904-01-01 00:00:01.798500,27249.999999999996
1904-01-01 00:00:01.801800,27300.0
1904-01-01 00:00:01.805100,27350.0
1904-01-01 00:00:01.808400,27399.999999999996
1904-01-01 00:00:01.811700,27450.0
1904-01-01 00:00:01.815000,27500.0
1904-01-01 00:00:01.818300,27550.0
1904-01-01 00:00:01.821600,27599.999999999996
1904-01-01 00:00:01.824900,27650.0
1904-01-01 00:00:01.828200,27700.0
1904-01-01 00:00:01.831500,27749.999999999996
1904-01-01 00:00:01.834800,27799.999999999996
1904-01-01 00:00:01.838100,27850.0
1904-01-01 00:00:01.841400,27900.0
1904-01-01 00:00:01.844700,27949.999999999996
1904-01-01 00:00:01.848000,27999.999999999996
1904-01-01 00:00:01.851300,28050.0
1904-01-01 00:00:01.854600,28100.0
1904-01-01 00:00:01.857900,28149.999999999996
1904-01-01 00:00:01.861200,28200.0
1904-01-01 00:00:01.864500,28250.0
1904-01-01 00:00:01.867800,28300.0
1904-01-01 00:00:01.871100,28349.999999999996
1904-01-01 00:00:01.874400,28400.0
1904-01-01 00:00:01.877700,28450.0
1904-01-01 00:00:01.881000,28499.999999999996
1904-01-01 00:00:01.884300,28549.999999999996
1904-01-01 00:00:01.887600,28600.0
1904-01-01 00:00:01.890900,28650.0
1904-01-01 00:00:01.894200,28699.999999999996
1904-01-01 00:00:01.897500,28750.0
1904-01-01 00:00:01.900800,28800.0
1904-01-01 00:00:01.904100,28850.0
1904-01-01 00:00:01.907400,28899.999999999996
1904-01-01 00:00:01.910700,28950.0
1904-01-01 00:00:01.914000,29000.0
1904-01-01 00:00:01.917300,29050.0
1904-01-01 00:00:01.920600,29099.999999999996
1904-01-01 00:00:01.923900,29150.0
1904-01-01 00:00:01.927200,29200.0
1904-01-01 00:00:01.930500,29249.999999999996
1904-01-01 00:00:01.933800,29299.999999999996
1904-01-01 00:00:01.937100,29350.0
1904-01-01 00:00:01.940400,29400.0
1904-01-01 00:00:01.943700,29449.999999999996
1904-01-01 00:00:01.947000,29500.0
1904-01-01 00:00:01.950300,29550.0
1904-01-01 00:00:01.953600,29600.0
1904-01-01 00:00:01.956900,29649.999999999996
1904-01-01 00:00:01.960200,29700.0
1904-01-01 00:00:01.963500,29750.0
1904-01-01 00:00:01.966800,29800.0
1904-01-01 00:00:01.970100,29849.999999999996
1904-01-01 00:00:01.973400,29900.0
1904-01-01 00:00:01.976700,29950.0
1904-01-01 00:00:01.980000,29999.999999999996
1904-01-01 00:00:01.983300,30049.999999999996
1904-01-01 00:00:01.986600,30100.0
1904-01-01 00:00:01.989900,30150.0
1904-01-01 00:00:01.993200,30199.999999999996
1904-01-01 00:00:01.996500,30250.0
1904-01-01 00:00:01.999800,30300.0
1904-01-01 00:00:02.003100,30350.0
1904-01-01 00:00:02.006400,30399.999999999996
1904-01-01 00:00:02.009700,30450.0
1904-01-01 00:00:02.013000,30500.0
1904-01-01 00:00:02.016300,30550.0
1904-01-01 00:00:02.019600,30599.999999999996
1904-01-01 00:00:02.022900,30650.0
1904-01-01 00:00:02.026200,30700.0
1904-01-01 00:00:02.029500,30749.999999999996
1904-01-01 00:00:02.032800,30799.999999999996
1904-01-01 00:00:02.036100,30850.0
1904-01-01 00:00:02.039400,30900.0
1904-01-01 00:00:02.042700,30949.999999999996
1904-01-01 00:00:02.046000,31000.0
1904-01-01 00:00:02.049300,31050.0
1904-01-01 00:00:02.052600,31100.0
1904-01-01 00:00:02.055900,31149.999999999996
1904-01-01 00:00:02.059200,31200.0
1904-01-01 00:00:02.062500,31250.0
1904-01-01 00:00:02.065800,31299.999999999996
1904-01-01 00:00:02.069100,31349.999999999996
1904-01-01 00:00:02.072400,31400.0
1904-01-01 00:00:02.075700,31450.0
1904-01-01 00:00:02.079000,31499.999999999996
1904-01-01 00:00:02.082300,31549.999999999996
1904-01-01 00:00:02.085600,31600.0
1904-01-01 00:00:02.088900,31650.0
1904-01-01 00:00:02.092200,31699.999999999996
1904-01-01 00:00:02.095500,31750.0
1904-01-01 00:00:02.098800,31800.0
1904-01-01 00:00:02.102100,31850.0
1904-01-01 00:00:02.105400,31899.999999999996
1904-01-01 00:00:02.108700,31950.0
1904-01-01 00:00:02.112000,32000.0
1904-01-01 00:00:02.115300,32049.999999999996
1904-01-01 00:00:02.118600,32099.999999999996
1904-01-01 00:00:02.121900,32150.0
1904-01-01 00:00:02.125200,32200.0
1904-01-01 00:00:02.128500,32249.999999999996
1904-01-01 00:00:02.131800,32299.999999999996
1904-01-01 00:00:02.135100,32350.0
1904-01-01 00:00:02.138400,32400.0
1904-01-01 00:00:02.141700,32449.999999999996
1904-01-01 00:00:02.145000,32500.0
1904-01-01 00:00:02.148300,32550.0
1904-01-01 00:00:02.151600,32600.0
1904-01-01 00:00:02.154900,32649.999999999996
1904-01-01 00:00:02.158200,32700.0
1904-01-01 00:00:02.161500,32750.0
1904-01-01 00:00:02.164800,32800.0
1904-01-01 00:00:02.168100,32850.0
1904-01-01 00:00:02.171400,32900.0
1904-01-01 00:00:02.174700,32950.0
1904-01-01 00:00:02.178000,33000.0
1904-01-01 00:00:02.181300,33050.0
1904-01-01 00:00:02.184600,33100.0
1904-01-01 00:00:02.187900,33150.0
1904-01-01 00:00:02.191200,33200.0
1904-01-01 00:00:02.194500,33250.0
1904-01-01 00:00:02.197800,33300.0
1904-01-01 00:00:02.201100,33350.0
1904-01-01 00:00:02.204400,33400.0
1904-01-01 00:00:02.207700,33450.0
1904-01-01 00:00:02.211000,33500.0
1904-01-01 00:00:02.214300,33550.0
1904-01-01 00:00:02.217600,33600.0
1904-01-01 00:00:02.220900,33650.0
1904-01-01 00:00:02.224200,33700.0
1904-01-01 00:00:02.227500,33750.0
1904-01-01 00:00:02.230800,33800.0
1904-01-01 00:00:02.234100,33850.0
1904-01-01 00:00:02.237400,33900.0
1904-01-01 00:00:02.240700,33950.0
1904-01-01 00:00:02.244000,34000.0
1904-01-01 00:00:02.247300,34050.0
1904-01-01 00:00:02.250600,34100.0
1904-01-01 00:00:02.253900,34150.0
1904-01-01 00:00:02.257200,34200.0
1904-01-01 00:00:02.260500,34250.0
1904-01-01 00:00:02.263800,34300.0
1904-01-01 00:00:02.267100,34350.0
1904-01-01 00:00:02.270400,34400.0
1904-01-01 00:00:02.273700,34450.0
1904-01-01 00:00:02.277000,34500.0
1904-01-01 00:00:02.280300,34550.0
1904-01-01 00:00:02.283600,34600.0
1904-01-01 00:00:02.286900,34650.0
1904-01-01 00:00:02.290200,34700.0
1904-01-01 00:00:02.293500,34750.0
1904-01-01 00:00:02.296800,34800.0
1904-01-01 00:00:02.300100,34850.0
1904-01-01 00:00:02.303400,34900.0
1904-01-01 00:00:02.306700,34950.0
1904-01-01 00:00:02.310000,35000.0
1904-01-01 00:00:02.313300,35050.0
1904-01-01 00:00:02.316600,35100.0
1904-01-01 00:00:02.319900,35150.0
1904-01-01 00:00:02.323200,35200.0
1904-01-01 00:00:02.326500,35250.0
1904-01-01 00:00:02.329800,35300.0
1904-01-01 00:00:02.333100,35350.0
1904-01-01 00:00:02.336400,35400.0
1904-01-01 00:00:02.339700,35450.0
1904-01-01 00:00:02.343000,35500.0
1904-01-01 00:00:02.346300,35550.0
1904-01-01 00:00:02.349600,35600.0
1904-01-01 00:00:02.352900,35650.0
1904-01-01 00:00:02.356200,35700.0
1904-01-01 00:00:02.359500,35750.0
1904-01-01 00:00:02.362800,35800.0
1904-01-01 00:00:02.366100,35850.0
1904-01-01 00:00:02.369400,35900.0
1904-01-01 00:00:02.372700,35950.0
1904-01-01 00:00:02.376000,36000.0
1904-01-01 00:00:02.379300,36050.0
1904-01-01 00:00:02.382600,36100.0
1904-01-01 00:00:02.385900,36150.0
1904-01-01 00:00:02.389200,36200.0
1904-01-01 00:00:02.392500,36250.0
1904-01-01 00:00:02.395800,36300.0
1904-01-01 00:00:02.399100,36350.0
1904-01-01 00:00:02.402400,36400.0
1904-01-01 00:00:02.405700,36450.0
1904-01-01 00:00:02.409000,36500.0
1904-01-01 00:00:02.412300,36550.0
1904-01-01 00:00:02.415600,36600.0
1904-01-01 00:00:02.418900,36650.0
1904-01-01 00:00:02.422200,36700.0
1904-01-01 00:00:02.425500,36750.0
1904-01-01 00:00:02.428800,36800.0
1904-01-01 00:00:02.432100,36850.0
1904-01-01 00:00:02.435400,36900.0
1904-01-01 00:00:02.438700,36950.0
1904-01-01 00:00:02.442000,37000.0
1904-01-01 00:00:02.445300,37050.0
1904-01-01 00:00:02.448600,37100.0
1904-01-01 00:00:02.451900,37150.0
1904-01-01 00:00:02.455200,37200.0
1904-01-01 00:00:02.458500,37250.0
1904-01-01 00:00:02.461800,37300.0
1904-01-01 00:00:02.465100,37350.0
1904-01-01 00:00:02.468400,37400.0
1904-01-01 00:00:02.471700,37450.0
1904-01-01 00:00:02.475000,37500.0
1904-01-01 00:00:02.478300,37550.0
1904-01-01 00:00:02.481600,37600.0
1904-01-01 00:00:02.484900,37650.0
1904-01-01 00:00:02.488200,37700.0
1904-01-01 00:00:02.491500,37750.0
1904-01-01 00:00:02.494800,37800.0
1904-01-01 00:00:02.498100,37850.0
1904-01-01 00:00:02.501400,37900.0
1904-01-01 00:00:02.504700,37950.0
1904-01-01 00:00:02.508000,38000.0
1904-01-01 00:00:02.511300,38050.0
1904-01-01 00:00:02.514600,38100.0
1904-01-01 00:00:02.517900,38150.0
1904-01-01 00:00:02.521200,38200.0
1904-01-01 00:00:02.524500,38250.0
1904-01-01 00:00:02.527800,38300.0
1904-01-01 00:00:02.531100,38350.0
1904-01-01 00:00:02.534400,38399.99999999999
1904-01-01 00:00:02.537700,38450.0
1904-01-01 00:00:02.541000,38500.0
1904-01-01 00:00:02.544300,38549.99999999999
1904-01-01 00:00:02.547600,38600.0
1904-01-01 00:00:02.550900,38650.0
1904-01-01 00:00:02.554200,38699.99999999999
1904-01-01 00:00:02.557500,38750.0
1904-01-01 00:00:02.560800,38800.0
1904-01-01 00:00:02.564100,38850.0
1904-01-01 00:00:02.567400,38900.0
1904-01-01 00:00:02.570700,38949.99999999999
1904-01-01 00:00:02.574000,39000.0
1904-01-01 00:00:02.577300,39050.0
1904-01-01 00:00:02.580600,39099.99999999999
1904-01-01 00:00:02.583900,39150.0
1904-01-01 00:00:02.587200,39200.0
1904-01-01 00:00:02.590500,39249.99999999999
1904-01-01 00:00:02.593800,39300.0
1904-01-01 00:00:02.597100,39350.0
1904-01-01 00:00:02.600400,39400.0
1904-01-01 00:00:02.603700,39450.0
1904-01-01 00:00:02.607000,39499.99999999999
1904-01-01 00:00:02.610300,39550.0
1904-01-01 00:00:02.613600,39600.0
1904-01-01 00:00:02.616900,39649.99999999999
1904-01-01 00:00:02.620200,39700.0
1904-01-01 00:00:02.623500,39750.0
1904-01-01 00:00:02.626800,39800.0
1904-01-01 00:00:02.630100,39850.0
1904-01-01 00:00:02.633400,39899.99999999999
1904-01-01 00:00:02.636700,39950.0
1904-01-01 00:00:02.640000,40000.0
1904-01-01 00:00:02.643300,40049.99999999999
1904-01-01 00:00:02.646600,40100.0
1904-01-01 00:00:02.649900,40150.0
1904-01-01 00:00:02.653200,40199.99999999999
1904-01-01 00:00:02.656500,40250.0
1904-01-01 00:00:02.659800,40300.0
1904-01-01 00:00:02.663100,40350.0
1904-01-01 00:00:02.666400,40400.0
1904-01-01 00:00:02.669700,40449.99999999999
1904-01-01 00:00:02.673000,40500.0
1904-01-01 00:00:02.676300,40550.0
1904-01-01 00:00:02.679600,40599.99999999999
1904-01-01 00:00:02.682900,40650.0
1904-01-01 00:00:02.686200,40700.0
1904-01-01 00:00:02.689500,40749.99999999999
1904-01-01 00:00:02.692800,40800.0
1904-01-01 00:00:02.696100,40850.0
1904-01-01 00:00:02.699400,40900.0
1904-01-01 00:00:02.702700,40950.0
1904-01-01 00:00:02.706000,40999.99999999999
1904-01-01 00:00:02.709300,41050.0
1904-01-01 00:00:02.712600,41100.0
1904-01-01 00:00:02.715900,41149.99999999999
1904-01-01 00:00:02.719200,41200.0
1904-01-01 00:00:02.722500,41250.0
1904-01-01 00:00:02.725800,41299.99999999999
1904-01-01 00:00:02.729100,41350.0
1904-01-01 00:00:02.732400,41400.0
1904-01-01 00:00:02.735700,41450.0
1904-01-01 00:00:02.739000,41500.0
1904-01-01 00:00:02.742300,41549.99999999999
1904-01-01 00:00:02.745600,41600.0
1904-01-01 00:00:02.748900,41650.0
1904-01-01 00:00:02.752200,41699.99999999999
1904-01-01 00:00:02.755500,41750.0
1904-01-01 00:00:02.758800,41800.0
1904-01-01 00:00:02.762100,41850.0
1904-01-01 00:00:02.765400,41900.0
1904-01-01 00:00:02.768700,41949.99999999999
1904-01-01 00:00:02.772000,42000.0
1904-01-01 00:00:02.775300,42050.0
1904-01-01 00:00:02.778600,42099.99999999999
1904-01-01 00:00:02.781900,42150.0
1904-01-01 00:00:02.785200,42200.0
1904-01-01 00:00:02.788500,42249.99999999999
1904-01-01 00:00:02.791800,42300.0
1904-01-01 00:00:02.795100,42350.0
1904-01-01 00:00:02.798400,42400.0
1904-01-01 00:00:02.801700,42450.0
1904-01-01 00:00:02.805000,42499.99999999999
1904-01-01 00:00:02.808300,42550.0
1904-01-01 00:00:02.811600,42600.0
1904-01-01 00:00:02.814900,42649.99999999999
1904-01-01 00:00:02.818200,42700.0
1904-01-01 00:00:02.821500,42750.0
1904-01-01 00:00:02.824800,42799.99999999999
1904-01-01 00:00:02.828100,42850.0
1904-01-01 00:00:02.831400,42900.0
1904-01-01 00:00:02.834700,42950.0
1904-01-01 00:00:02.838000,43000.0
1904-01-01 00:00:02.841300,43049.99999999999
1904-01-01 00:00:02.844600,43100.0
1904-01-01 00:00:02.847900,43150.0
1904-01-01 00:00:02.851200,43199.99999999999
1904-01-01 00:00:02.854500,43250.0
1904-01-01 00:00:02.857800,43300.0
1904-01-01 00:00:02.861100,43350.0
1904-01-01 00:00:02.864400,43400.0
1904-01-01 00:00:02.867700,43449.99999999999
1904-01-01 00:00:02.871000,43500.0
1904-01-01 00:00:02.874300,43550.0
1904-01-01 00:00:02.877600,43599.99999999999
1904-01-01 00:00:02.880900,43650.0
1904-01-01 00:00:02.884200,43700.0
1904-01-01 00:00:02.887500,43749.99999999999
1904-01-01 00:00:02.890800,43800.0
1904-01-01 00:00:02.894100,43850.0
1904-01-01 00:00:02.897400,43900.0
1904-01-01 00:00:02.900700,43950.0
1904-01-01 00:00:02.904000,43999.99999999999
1904-01-01 00:00:02.907300,44050.0
1904-01-01 00:00:02.910600,44100.0
1904-01-01 00:00:02.913900,44149.99999999999
1904-01-01 00:00:02.917200,44200.0
1904-01-01 00:00:02.920500,44250.0
1904-01-01 00:00:02.923800,44299.99999999999
1904-01-01 00:00:02.927100,44350.0
1904-01-01 00:00:02.930400,44400.0
1904-01-01 00:00:02.933700,44450.0
1904-01-01 00:00:02.937000,44500.0
1904-01-01 00:00:02.940300,44549.99999999999
1904-01-01 00:00:02.943600,44600.0
1904-01-01 00:00:02.946900,44650.0
1904-01-01 00:00:02.950200,44699.99999999999
1904-01-01 00:00:02.953500,44750.0
1904-01-01 00:00:02.956800,44800.0
1904-01-01 00:00:02.960100,44849.99999999999
1904-01-01 00:00:02.963400,44900.0
1904-01-01 00:00:02.966700,44949.99999999999
1904-01-01 00:00:02.970000,45000.0
1904-01-01 00:00:02.973300,45050.0
1904-01-01 00:00:02.976600,45099.99999999999
1904-01-01 00:00:02.979900,45150.0
1904-01-01 00:00:02.983200,45200.0
1904-01-01 00:00:02.986500,45249.99999999999
1904-01-01 00:00:02.989800,45300.0
1904-01-01 00:00:02.993100,45350.0
1904-01-01 00:00:02.996400,45400.0
1904-01-01 00:00:02.999700,45450.0
1904-01-01 00:00:03.003000,45499.99999999999
1904-01-01 00:00:03.006300,45550.0
1904-01-01 00:00:03.009600,45600.0
1904-01-01 00:00:03.012900,45649.99999999999
1904-01-01 00:00:03.016200,45700.0
1904-01-01 00:00:03.019500,45750.0
1904-01-01 00:00:03.022800,45799.99999999999
1904-01-01 00:00:03.026100,45850.0
1904-01-01 00:00:03.029400,45900.0
1904-01-01 00:00:03.032700,45950.0
1904-01-01 00:00:03.036000,46000.0
1904-01-01 00:00:03.039300,46049.99999999999
1904-01-01 00:00:03.042600,46100.0
1904-01-01 00:00:03.045900,46150.0
1904-01-01 00:00:03.049200,46199.99999999999
1904-01-01 00:00:03.052500,46250.0
1904-01-01 00:00:03.055800,46300.0
1904-01-01 00:00:03.059100,46349.99999999999
1904-01-01 00:00:03.062400,46400.0
1904-01-01 00:00:03.065700,46449.99999999999
1904-01-01 00:00:03.069000,46500.0
1904-01-01 00:00:03.072300,46550.0
1904-01-01 00:00:03.075600,46599.99999999999
1904-01-01 00:00:03.078900,46650.0
1904-01-01 00:00:03.082200,46700.0
1904-01-01 00:00:03.085500,46749.99999999999
1904-01-01 00:00:03.088800,46800.0
1904-01-01 00:00:03.092100,46850.0
1904-01-01 00:00:03.095400,46900.0
1904-01-01 00:00:03.098700,46950.0
1904-01-01 00:00:03.102000,46999.99999999999
1904-01-01 00:00:03.105300,47050.0
1904-01-01 00:00:03.108600,47100.0
1904-01-01 00:00:03.111900,47149.99999999999
1904-01-01 00:00:03.115200,47200.0
1904-01-01 00:00:03.118500,47250.0
1904-01-01 00:00:03.121800,47299.99999999999
1904-01-01 00:00:03.125100,47350.0
1904-01-01 00:00:03.128400,47400.0
1904-01-01 00:00:03.131700,47450.0
1904-01-01 00:00:03.135000,47500.0
1904-01-01 00:00:03.138300,47549.99999999999
1904-01-01 00:00:03.141600,47600.0
1904-01-01 00:00:03.144900,47650.0
1904-01-01 00:00:03.148200,47699.99999999999
1904-01-01 00:00:03.151500,47750.0
1904-01-01 00:00:03.154800,47800.0
1904-01-01 00:00:03.158100,47849.99999999999
1904-01-01 00:00:03.161400,47900.0
1904-01-01 00:00:03.164700,47949.99999999999
1904-01-01 00:00:03.168000,48000.0
1904-01-01 00:00:03.171300,48050.0
1904-01-01 00:00:03.174600,48099.99999999999
1904-01-01 00:00:03.177900,48150.0
1904-01-01 00:00:03.181200,48200.0
1904-01-01 00:00:03.184500,48249.99999999999
1904-01-01 00:00:03.187800,48300.0
1904-01-01 00:00:03.191100,48350.0
1904-01-01 00:00:03.194400,48399.99999999999
1904-01-01 00:00:03.197700,48450.0
1904-01-01 00:00:03.201000,48499.99999999999
1904-01-01 00:00:03.204300,48550.0
1904-01-01 00:00:03.207600,48600.0
1904-01-01 00:00:03.210900,48649.99999999999
1904-01-01 00:00:03.214200,48700.0
1904-01-01 00:00:03.217500,48750.0
1904-01-01 00:00:03.220800,48799.99999999999
1904-01-01 00:00:03.224100,48850.0
1904-01-01 00:00:03.227400,48900.0
1904-01-01 00:00:03.230700,48950.0
1904-01-01 00:00:03.234000,49000.0
1904-01-01 00:00:03.237300,49049.99999999999
1904-01-01 00:00:03.240600,49100.0
1904-01-01 00:00:03.243900,49150.0
1904-01-01 00:00:03.247200,49199.99999999999
1904-01-01 00:00:03.250500,49250.0
1904-01-01 00:00:03.253800,49300.0
1904-01-01 00:00:03.257100,49349.99999999999
1904-01-01 00:00:03.260400,49400.0
1904-01-01 00:00:03.263700,49450.0
1904-01-01 00:00:03.267000,49500.0
1904-01-01 00:00:03.270300,49550.0
1904-01-01 00:00:03.273600,49599.99999999999
1904-01-01 00:00:03.276900,49650.0
1904-01-01 00:00:03.280200,49700.0
1904-01-01 00:00:03.283500,49749.99999999999
1904-01-01 00:00:03.286800,49800.0
1904-01-01 00:00:03.290100,49850.0
1904-01-01 00:00:03.293400,49899.99999999999
1904-01-01 00:00:03.296700,49950.0
